Processor,,AMD Ryzen 9 7900X3D 12-Core @ 5.66GHz (12 Cores / 24 Threads),AMD Ryzen 9 7950X3D 16-Core @ 5.76GHz (16 Cores / 32 Threads),AMD Ryzen 9 7950X 16-Core @ 5.88GHz (16 Cores / 32 Threads),AMD Ryzen 7 8700G @ 5.18GHz (8 Cores / 16 Threads),AMD Ryzen 9 7900 12-Core @ 5.48GHz (12 Cores / 24 Threads),AMD Ryzen 5 7600X 6-Core @ 5.45GHz (6 Cores / 12 Threads),AMD Ryzen 7 7700X 8-Core @ 5.57GHz (8 Cores / 16 Threads),AMD Ryzen 9 7900X 12-Core @ 5.73GHz (12 Cores / 24 Threads),AMD Ryzen 5 8600G @ 5.07GHz (6 Cores / 12 Threads),AMD Ryzen 7 7800X3D 8-Core @ 5.05GHz (8 Cores / 16 Threads),AMD Ryzen 7 7700 8-Core @ 5.39GHz (8 Cores / 16 Threads)
Selenium - Benchmark: Speedometer - Browser: Firefox (Runs/min),HIB,390,390,403,376,397,407,410,406,375,393,401
Selenium - Benchmark: Speedometer - Browser: Google Chrome (Runs/min),HIB,444,457,474,431,457,474,476,470,429,450,468
Selenium - Benchmark: Speedometer 3.0 - Browser: Firefox (Score),HIB,27.1,27.4,27.7,24.6,27.4,27.8,28.2,27.9,24.6,28,27.5
Selenium - Benchmark: Speedometer 3.0 - Browser: Google Chrome (Score),HIB,29.8,30.5,31.5,26.5,30.7,31.1,31.6,31.3,26.6,30.2,30.7
Selenium - Benchmark: Octane - Browser: Firefox (Geometric Mean),HIB,57677,58861,60496,57035,59836,60702,61343,60065,56323,56321,59737
Selenium - Benchmark: Octane - Browser: Google Chrome (Geometric Mean),HIB,97808,99438,103540,98707,102972,105621,106956,103736,96652,96514,104987
Selenium - Benchmark: Jetstream 2 - Browser: Firefox (Score),HIB,241.748,245.187,254.81,240.694,254.505,257.123,258.756,255.188,233.497,237.76,251.95
Selenium - Benchmark: Jetstream 2 - Browser: Google Chrome (Score),HIB,360.058,365.565,389.287,370.277,384.576,400.337,405.309,382.363,365.057,366.521,392.908
Selenium - Benchmark: PSPDFKit WASM - Browser: Firefox (Score),LIB,738,717,699,768,714,704,687,695,777,744,700
Selenium - Benchmark: PSPDFKit WASM - Browser: Google Chrome (Score),LIB,774,757,736,818,743,744,740,744,834,779,747
Selenium - Benchmark: WASM collisionDetection - Browser: Firefox (ms),LIB,251.5,246.7,247.5,264.9,251.8,250.5,246.7,253.2,269.5,269.9,255.3
Selenium - Benchmark: WASM collisionDetection - Browser: Google Chrome (ms),LIB,245.26,231.47,220.07,237.35,231.34,231.38,226.75,221.91,240.92,250.48,235.86
Selenium - Benchmark: WASM imageConvolute - Browser: Firefox (ms),LIB,20.2,20.4,19.5,19,22.4,19.9,20.2,19.5,19.2,22.1,22.5
Selenium - Benchmark: WASM imageConvolute - Browser: Google Chrome (ms),LIB,18.98,19.15,18.5,17.97,21.07,18.8,19.02,18.36,18.21,20.77,21.01
Selenium - Benchmark: Kraken - Browser: Firefox (ms),LIB,463.1,443.4,427,479.1,429.9,428,426.2,431.2,484.2,477.4,432.7
Selenium - Benchmark: Kraken - Browser: Google Chrome (ms),LIB,356.5,355.3,334.4,360.3,337.4,336.1,332.2,339.9,364.4,370.2,341.2
Timed Linux Kernel Compilation - Build: defconfig (sec),LIB,70.995,56.147,54.526,107.898,77.387,120.379,95.469,67.678,133.938,99.648,100.299
Timed Linux Kernel Compilation - Build: allmodconfig (sec),LIB,912.069,692.793,674.255,1448.598,1010.927,1652.643,1283.918,876.064,1833.549,1334.293,1346.231
Timed FFmpeg Compilation - Time To Compile (sec),LIB,37.324,30.587,29.615,54.51,40.469,59.457,48.089,35.695,66.242,50.318,50.645
Timed Godot Game Engine Compilation - Time To Compile (sec),LIB,220.518,175.393,176.554,354.882,243.501,389.049,311.442,218.408,438.457,311.613,322.73
Timed PHP Compilation - Time To Compile (sec),LIB,43.292,39.057,38.061,58.518,44.742,59.537,51.806,42.231,67.15,52.779,53.203
Timed Gem5 Compilation - Time To Compile (sec),LIB,302.623,248.481,249.415,456.697,324.555,504.804,409.735,297.514,561.223,418.687,424.059
Timed LLVM Compilation - Build System: Ninja (sec),LIB,416.024,326.15,331.308,679.315,457.694,762.06,605.353,411.989,850.426,603.532,624.416
Timed Mesa Compilation - Time To Compile (sec),LIB,21.117,16.978,16.684,31.192,22.604,33.835,27.522,20.274,37.835,28.592,28.675
7-Zip Compression - Test: Compression Rating (MIPS),HIB,155092,186099,178984,104012,144060,89954,111521,150719,83732,111620,109197
7-Zip Compression - Test: Decompression Rating (MIPS),HIB,132459,177693,184538,84586,121477,71229,93538,136835,64707,88150,89893
Zstd Compression - Compression Level: 19 - Compression Speed (MB/s),HIB,24.7,26.2,23,18.4,22.8,19.9,20.1,23,18,23.8,19.8
Zstd Compression - Compression Level: 19 - Decompression Speed (MB/s),HIB,2090.8,2109.8,2079.1,1933,2086.1,2087.9,2088.2,2082.2,1875.1,1926.1,2058.2
"Zstd Compression - Compression Level: 19, Long Mode - Compression Speed (MB/s)",HIB,13.4,14,13.1,10.3,12.4,11.5,11.6,13.5,10.2,13.6,11.3
"Zstd Compression - Compression Level: 19, Long Mode - Decompression Speed (MB/s)",HIB,1987.2,2039,1970,1852.1,1982.3,1978.7,1985.1,1952.1,1824.3,1806.8,1956.3
Parallel BZIP2 Compression - FreeBSD-13.0-RELEASE-amd64-memstick.img Compression (sec),LIB,4.142315,3.181056,2.970384,6.2492,4.276185,7.343673,5.612733,3.836622,8.015096,6.098288,5.851397
Stargate Digital Audio Workstation - Sample Rate: 44100 - Buffer Size: 512 (Render Ratio),HIB,5.153937,6.892796,7.147892,3.774922,5.092779,3.128374,4.462144,5.654563,2.610196,4.113163,4.272006
Stargate Digital Audio Workstation - Sample Rate: 44100 - Buffer Size: 1024 (Render Ratio),HIB,5.369631,6.945742,7.529474,3.879172,5.302473,3.189378,4.579466,5.860082,2.723938,4.246878,4.377345
Stargate Digital Audio Workstation - Sample Rate: 96000 - Buffer Size: 512 (Render Ratio),HIB,3.66445,4.883019,5.105656,2.719862,3.628991,2.269932,3.198718,3.99368,1.924084,2.956855,3.073575
Stargate Digital Audio Workstation - Sample Rate: 96000 - Buffer Size: 1024 (Render Ratio),HIB,3.856836,5.35981,5.676854,2.815243,3.795008,2.327445,3.331901,4.218647,1.954427,3.073909,3.179738
Stargate Digital Audio Workstation - Sample Rate: 192000 - Buffer Size: 512 (Render Ratio),HIB,2.387596,3.167167,3.436507,1.805628,2.425384,1.510668,2.114046,2.605196,1.281092,1.957493,2.028715
Stargate Digital Audio Workstation - Sample Rate: 192000 - Buffer Size: 1024 (Render Ratio),HIB,2.571578,3.570897,3.750771,1.905336,2.544878,1.564354,2.210665,2.810312,1.324487,2.050928,2.124219
Blender - Blend File: BMW27 - Compute: CPU-Only (sec),LIB,70.7,52.76,50.16,113.32,79.97,131.15,98.99,66.78,146.9,106.19,106.13
Blender - Blend File: Fishy Cat - Compute: CPU-Only (sec),LIB,87.78,65.84,62.55,141.16,100.47,161.51,123.02,83.46,182.76,130.13,132.29
Blender - Blend File: Pabellon Barcelona - Compute: CPU-Only (sec),LIB,217.74,163.27,154.62,357.53,249.38,402.4,305.85,206.18,456.24,327.61,329.03
Blender - Blend File: Junkshop - Compute: CPU-Only (sec),LIB,92.17,69.52,68.07,147.79,103.26,174.82,132.73,90.03,191.01,135.61,
C-Ray - Resolution: 1080p - Rays Per Pixel: 16 (sec),LIB,38.947,29.292,27.177,59.29,42.911,70.662,53.55,36.319,76.821,60.998,
C-Ray - Resolution: 4K - Rays Per Pixel: 16 (sec),LIB,155.325,116.845,108.401,236.989,171.475,281.801,213.957,145.21,307.078,244.115,
LuxCoreRender - Scene: DLSC - Acceleration: CPU (M samples/sec),HIB,3.81,5.04,5.25,2.5,3.43,2.15,2.81,3.99,1.97,2.62,
LuxCoreRender - Scene: Rainbow Colors and Prism - Acceleration: CPU (M samples/sec),HIB,13.62,17.31,18,10.9,12.84,9.19,12.05,14.22,8.39,11.07,
LuxCoreRender - Scene: LuxCore Benchmark - Acceleration: CPU (M samples/sec),HIB,3.49,4.73,4.97,2.12,3.09,1.79,2.48,3.66,1.56,2.29,
LuxCoreRender - Scene: Orange Juice - Acceleration: CPU (M samples/sec),HIB,6.03,7.84,8.22,4.04,5.48,3.48,4.55,6.31,3.17,4.27,
LuxCoreRender - Scene: Danish Mood - Acceleration: CPU (M samples/sec),HIB,3.14,4.39,4.54,1.86,2.76,1.57,2.18,3.23,1.34,2.1,
Appleseed - Scene: Emily (sec),LIB,184.436674,146.213654,140.702498,284.533801,201.896476,322.985241,249.110991,177.517902,360.959862,261.122628,
Appleseed - Scene: Disney Material (sec),LIB,109.546842,82.889838,77.842916,167.028979,121.280764,199.041432,149.960165,103.759233,216.78684,161.710192,
Appleseed - Scene: Material Tester (sec),LIB,118.943054,96.303645,92.692518,155.392722,127.354402,181.488747,138.399932,113.607181,201.270767,149.281592,
Chaos Group V-RAY - Mode: CPU (vsamples),HIB,34457,45991,46952,21412,30846,18385,24026,35560,16482,23385,
IndigoBench - Acceleration: CPU - Scene: Supercar (M samples/s),HIB,8.872,11.78,12.141,5.352,7.834,4.657,6.121,9.105,4.183,5.938,
IndigoBench - Acceleration: CPU - Scene: Bedroom (M samples/s),HIB,4.035,5.378,5.511,2.495,3.572,2.151,2.822,4.143,1.925,2.734,
OSPRay - Benchmark: gravity_spheres_volume/dim_512/ao/real_time (Items/sec),HIB,5.7457,7.62561,7.98571,3.45053,5.38667,3.13276,4.06389,5.97036,2.66295,3.86165,
OSPRay - Benchmark: gravity_spheres_volume/dim_512/scivis/real_time (Items/sec),HIB,5.63677,7.50091,7.81982,3.41264,5.28203,3.08064,4.02336,5.90034,2.6165,3.79089,
OSPRay - Benchmark: gravity_spheres_volume/dim_512/pathtracer/real_time (Items/sec),HIB,6.70602,8.95734,9.47287,4.29756,6.25893,3.66252,4.81982,7.10522,3.27644,4.47838,
OSPRay - Benchmark: particle_volume/ao/real_time (Items/sec),HIB,6.59923,8.71012,9.20514,4.23869,6.17855,3.60094,4.80252,6.91942,3.19527,4.36132,
OSPRay - Benchmark: particle_volume/scivis/real_time (Items/sec),HIB,6.54819,8.69155,9.18932,4.2321,6.12512,3.5887,4.78285,6.91813,3.18583,4.35833,
OSPRay - Benchmark: particle_volume/pathtracer/real_time (Items/sec),HIB,184.855,206.803,217.693,138.384,189.049,141.841,164.902,197.851,119.22,150.178,
OSPRay Studio - Camera: 1 - Resolution: 1080p - Samples Per Pixel: 1 - Renderer: Path Tracer - Acceleration: CPU (ms),LIB,1438,1054,1003,2324,1555,2733,2039,1349,3059,2142,
OSPRay Studio - Camera: 1 - Resolution: 1080p - Samples Per Pixel: 16 - Renderer: Path Tracer - Acceleration: CPU (ms),LIB,22859,16994,16022,40638,24825,46770,36235,21568,52581,37991,
OSPRay Studio - Camera: 1 - Resolution: 4K - Samples Per Pixel: 1 - Renderer: Path Tracer - Acceleration: CPU (ms),LIB,5655,4187,3982,9233,6180,10816,8086,5370,12132,8461,
OSPRay Studio - Camera: 1 - Resolution: 4K - Samples Per Pixel: 16 - Renderer: Path Tracer - Acceleration: CPU (ms),LIB,93849,70438,67572,151739,102470,176486,132423,89596,198036,139322,
OSPRay Studio - Camera: 2 - Resolution: 1080p - Samples Per Pixel: 1 - Renderer: Path Tracer - Acceleration: CPU (ms),LIB,1453,1081,1015,2348,1567,2762,2060,1369,3091,2146,
OSPRay Studio - Camera: 2 - Resolution: 1080p - Samples Per Pixel: 16 - Renderer: Path Tracer - Acceleration: CPU (ms),LIB,23110,17018,16227,41386,25038,47596,36562,21837,53433,38229,
OSPRay Studio - Camera: 2 - Resolution: 4K - Samples Per Pixel: 1 - Renderer: Path Tracer - Acceleration: CPU (ms),LIB,5751,4237,4038,9329,6223,10945,8192,5431,12291,8541,
OSPRay Studio - Camera: 2 - Resolution: 4K - Samples Per Pixel: 16 - Renderer: Path Tracer - Acceleration: CPU (ms),LIB,95409,72562,68317,153440,102954,178446,134389,90286,200724,140417,
OSPRay Studio - Camera: 3 - Resolution: 1080p - Samples Per Pixel: 1 - Renderer: Path Tracer - Acceleration: CPU (ms),LIB,1688,1256,1185,2757,1832,3224,2412,1598,3629,2512,
OSPRay Studio - Camera: 3 - Resolution: 1080p - Samples Per Pixel: 16 - Renderer: Path Tracer - Acceleration: CPU (ms),LIB,30883,20048,18989,47927,32875,54872,42288,25553,61978,44128,
OSPRay Studio - Camera: 3 - Resolution: 4K - Samples Per Pixel: 1 - Renderer: Path Tracer - Acceleration: CPU (ms),LIB,6703,4981,4718,10949,7296,12784,9570,6332,14434,9958,
OSPRay Studio - Camera: 3 - Resolution: 4K - Samples Per Pixel: 16 - Renderer: Path Tracer - Acceleration: CPU (ms),LIB,110623,83592,79168,179331,120544,208103,156654,105267,234200,163345,
Embree - Binary: Pathtracer - Model: Asian Dragon (FPS),HIB,26.4036,34.4128,33.0153,17.1179,23.8678,14.0167,18.0795,26.0998,13.1765,18.5756,
Embree - Binary: Pathtracer - Model: Crown (FPS),HIB,24.4733,32.5029,32.3919,14.8331,21.1977,12.7869,16.7626,24.5173,11.5225,17.1035,
Embree - Binary: Pathtracer ISPC - Model: Asian Dragon (FPS),HIB,29.4096,37.3099,34.9237,18.8593,26.4052,15.6547,20.2069,28.9153,14.7027,20.8596,
Embree - Binary: Pathtracer ISPC - Model: Crown (FPS),HIB,25.4854,33.7611,33.6213,15.3017,22.1203,13.3019,17.4756,25.6662,11.8737,17.9872,
Intel Open Image Denoise - Run: RT.ldr_alb_nrm.3840x2160 - Device: CPU-Only (Images / Sec),HIB,0.68,0.88,0.92,0.46,0.64,0.38,0.5,0.72,0.36,0.46,
Intel Open Image Denoise - Run: RTLightmap.hdr.4096x4096 - Device: CPU-Only (Images / Sec),HIB,0.32,0.42,0.44,0.22,0.3,0.18,0.24,0.34,0.17,0.22,
Coremark - CoreMark Size 666 - Iterations Per Second (Iterations/Sec),HIB,684339.4573,948117.4283,1012072.393,469864.5995,648201.7259,387172.6497,514275.923,737515.9746,355333.504,465601.7188,
Google SynthMark - Test: VoiceMark_100 (Voices),HIB,1016.71,1011.57,,978.228,968.41,1010.19,1017.66,,957.869,965.373,
SecureMark - Benchmark: SecureMark-TLS (marks),HIB,433939,415196,441887,424631,449838,453031,451682,432196,414237,397366,
QuantLib - Size: XXS (tasks/s),HIB,12.3908,15.3931,14.4801,7.50658,10.5036,6.89831,8.57277,12.181,6.17687,8.56478,
BRL-CAD - VGR Performance Metric (VGR Performance Metric),HIB,298418,396249,419580,215405,270640,177511,233058,312603,168223,214855,
"OpenFOAM - Input: drivaerFastback, Small Mesh Size - Mesh Time (sec)",LIB,26.087453,24.77559,24.14911,36.109884,28.684849,35.611444,30.576079,26.632084,40.880478,29.988398,
"OpenFOAM - Input: drivaerFastback, Small Mesh Size - Execution Time (sec)",LIB,140.89539,125.39204,162.79988,299.09446,176.31664,274.28663,254.36523,174.54093,314.58335,172.34503,
"OpenFOAM - Input: drivaerFastback, Medium Mesh Size - Mesh Time (sec)",LIB,196.41535,185.46495,195.61795,259.69267,219.32679,274.50249,240.59985,209.8985,297.2511,224.61619,
"OpenFOAM - Input: drivaerFastback, Medium Mesh Size - Execution Time (sec)",LIB,1912.8557,1867.8346,2119.2562,2551.0132,2187.0492,2663.7191,2529.4525,2159.9843,2675.0741,2150.4442,
OpenRadioss - Model: Bird Strike on Windshield (sec),LIB,169.75,141.14,145.44,245.37,182.4,274.51,225.38,167.31,301.82,220.5,
OpenRadioss - Model: Rubber O-Ring Seal Installation (sec),LIB,81.88,64.91,62.42,152.36,88.53,147.68,118.84,77.32,183.83,115.45,
OpenRadioss - Model: Cell Phone Drop Test (sec),LIB,56.31,46.54,51.18,80.19,64.02,90.86,72.45,58.65,100.06,71.17,
OpenRadioss - Model: Bumper Beam (sec),LIB,110.52,95.51,92.57,150.14,113.51,144.41,128.21,106.09,170.06,133.09,
OpenRadioss - Model: INIVOL and Fluid Structure Interaction Drop Container (sec),LIB,308.2,250.17,269.31,507.53,334.58,532.93,461.35,312.5,584.06,445.54,
OpenRadioss - Model: Chrysler Neon 1M (sec),LIB,759.33,721.43,761.06,857.36,803.78,1010.03,883.65,794.6,1322.78,882.97,
libxsmm - M N K: 32 (GFLOPS/s),HIB,123.5,121.8,119.3,128.2,120.8,123,121,120.8,118.7,122.1,
libxsmm - M N K: 64 (GFLOPS/s),HIB,248.1,246.5,241.9,263.9,243.2,227.1,239.9,243.6,219.9,240.4,
GPAW - Input: Carbon Nanotube (sec),LIB,140.667,125.333,136.852,202.609,159.272,218.454,188.935,149.403,309.618,179.929,
Pennant - Test: leblancbig (Hydro Cycle Time - sec),LIB,19.12954,16.87061,24.44136,33.77762,25.45333,36.70187,32.58175,25.09908,48.17913,27.21213,
Pennant - Test: sedovbig (Hydro Cycle Time - sec),LIB,31.0396,27.09508,34.9753,49.53644,37.84079,53.49168,46.89341,36.91071,68.1352,41.99765,
NAS Parallel Benchmarks - Test / Class: BT.C (Mop/s),HIB,44296.62,53509.37,50089.22,25513.43,40917.01,25217.62,25189.66,41571.02,25295.72,24524.76,
NAS Parallel Benchmarks - Test / Class: EP.C (Mop/s),HIB,2187,2921.63,3023.51,1410.33,2081.65,1162.56,1566.33,2266.24,980,1415.96,
NAS Parallel Benchmarks - Test / Class: FT.C (Mop/s),HIB,24724.04,27604.96,27683.34,22931.2,24817.8,18133.57,24553.46,25592.17,16819.16,23127.5,
NAS Parallel Benchmarks - Test / Class: LU.C (Mop/s),HIB,46461.35,60183.7,55946.94,42921.73,44578.64,32547.42,44230.72,44843.46,31288.73,43838.2,
NAS Parallel Benchmarks - Test / Class: SP.B (Mop/s),HIB,27038.29,27315.65,20797.78,11596.42,20626.66,12316.64,12327.12,20661.16,11575.27,17244.33,
NAS Parallel Benchmarks - Test / Class: IS.D (Mop/s),HIB,1501.62,1483.97,1447.13,1565.37,1482.64,1333.56,1475.9,1496.59,1389.8,1461.59,
NAS Parallel Benchmarks - Test / Class: MG.C (Mop/s),HIB,25989.29,24452.58,23755.42,23056.98,25489.92,21109.39,23995.91,25517.27,20799.96,25299.42,
NAS Parallel Benchmarks - Test / Class: CG.C (Mop/s),HIB,13308.7,12407.21,11239.53,11072.25,11852.69,8620.42,9559.09,11867.55,9410.23,10982.77,
Xcompact3d Incompact3d - Input: input.i3d 129 Cells Per Direction (sec),LIB,12.8585544,12.5862844,14.6795232,21.6613299,14.9574452,20.2097715,19.0402895,14.9319814,24.9701633,14.4009707,
Xcompact3d Incompact3d - Input: input.i3d 193 Cells Per Direction (sec),LIB,62.0227432,60.5532125,68.9226735,79.6956965,69.6430995,82.5372162,78.9011383,70.0664037,91.3040593,69.2166163,
ACES DGEMM - Sustained Floating-Point Rate (GFLOP/s),HIB,7.962646,10.462992,11.198408,3.813829,7.680399,3.996047,5.506325,8.252924,2.141821,6.111617,
miniBUDE - Implementation: OpenMP - Input Deck: BM1 (GFInst/s),HIB,931.683,1289.065,1331.958,602.05,859.217,507.981,678.768,978.171,395.338,630.653,
miniBUDE - Implementation: OpenMP - Input Deck: BM1 (Billion Interactions/s),HIB,37.267,51.563,53.279,24.082,34.368,20.319,27.151,39.127,15.813,25.226,
miniBUDE - Implementation: OpenMP - Input Deck: BM2 (GFInst/s),HIB,948.049,1292.96,1334.076,603.198,872.512,510.271,680.308,981.821,432.919,632.715,
miniBUDE - Implementation: OpenMP - Input Deck: BM2 (Billion Interactions/s),HIB,37.922,51.718,53.363,24.128,34.9,20.411,27.212,39.273,17.317,25.309,
SPECFEM3D - Model: Layered Halfspace (sec),LIB,92.59159148,75.41088331,76.83613563,139.2252272,99.74305921,156.5080435,126.4570063,90.43366176,198.4322397,126.1350632,
SPECFEM3D - Model: Water-layered Halfspace (sec),LIB,87.63613141,72.51541806,76.03017591,134.2735457,97.64447156,145.6178114,121.2844493,89.18231512,211.0593354,113.2669531,
SPECFEM3D - Model: Homogeneous Halfspace (sec),LIB,42.24307263,33.8654691,34.21302117,65.40601142,48.31509913,71.23146292,56.56160751,43.45002818,103.5938626,57.47334086,
SPECFEM3D - Model: Mount St. Helens (sec),LIB,33.68673703,29.98680349,30.4223695,53.65679933,37.34929853,59.40853784,47.39276286,33.36514666,83.5265725,47.27977786,
SPECFEM3D - Model: Tomographic Model (sec),LIB,34.0707287,26.17329976,26.50257296,51.46927164,37.83970405,57.43145987,45.17455696,33.15323122,82.23049198,45.99329844,
GROMACS - Implementation: MPI CPU - Input: water_GMX50_bare (Ns/Day),HIB,2.433,2.871,2.731,1.495,2.214,1.354,1.647,2.392,1.186,1.889,
"NAMD - Input: ATPase with 327,506 Atoms (ns/day)",HIB,2.45862,3.02741,3.03284,1.5849,2.21649,1.42722,1.83066,2.55739,0.51714,1.73171,
"NAMD - Input: STMV with 1,066,628 Atoms (ns/day)",HIB,0.66429,0.80974,0.82017,0.46887,0.61347,0.41277,0.52361,0.70335,0.21892,0.4972,
LAMMPS Molecular Dynamics Simulator - Model: Rhodopsin Protein (ns/day),HIB,12.242,16.189,16.672,8.211,11.337,5.933,9.001,12.848,5.132,8.417,
LAMMPS Molecular Dynamics Simulator - Model: 20k Atoms (ns/day),HIB,12.525,16.651,16.974,8.376,11.552,5.517,9.371,12.958,4.939,8.804,
ASKAP - Test: tConvolve MPI - Degridding (Mpix/sec),HIB,9545.56,11010.7,10567.2,4016.47,9153.34,3989.48,5831.01,9923.93,2912.37,8332.12,
ASKAP - Test: tConvolve MPI - Gridding (Mpix/sec),HIB,11839.4,12804.9,11169.2,4232.92,10736.2,4439.52,6787.11,11934.4,3075.55,10605.2,
ASKAP - Test: tConvolve OpenMP - Gridding (Million Grid Points/sec),HIB,5788.28,7169.06,6006.45,2398.93,5024.3,2611.11,3308,5088.74,2005.19,8330.4,
ASKAP - Test: tConvolve OpenMP - Degridding (Million Grid Points/sec),HIB,9895.46,11438.5,6146.1,3395.45,5892.36,5607.67,4149.92,5796.75,3411.69,9837.85,
ASKAP - Test: tConvolve MT - Gridding (Million Grid Points/sec),HIB,2153.79,2291.6,2189.35,1870.26,2078.77,1726.45,1794.58,2057.39,1809.35,1908.03,
ASKAP - Test: tConvolve MT - Degridding (Million Grid Points/sec),HIB,2906.01,2960.53,2865.14,2719.88,2788.03,2012.44,2089.86,2715.02,2782.47,2195.98,
ASKAP - Test: Hogbom Clean OpenMP (Iterations/sec),HIB,517.734,548.27,455.626,349.391,440.633,55.0459,419.732,439.122,53.4953,738.578,
CloverLeaf - Input: clover_bm (sec),LIB,58.54,70.03,69.18,76.16,55.85,118.07,73.07,55.54,127.13,40.84,
CloverLeaf - Input: clover_bm64_short (sec),LIB,157.73,157.75,157.95,153.42,156.89,160.94,157.78,156.93,156.39,157.29,
nginx - Connections: 500 (Reqs/sec),HIB,126604.25,165662.13,174969.21,83264.84,117370,69755.66,98683.2,135846.3,60623.73,95328.17,
nginx - Connections: 1000 (Reqs/sec),HIB,124497.13,160717.78,157947.73,77202.02,113213.91,67147.41,93320.95,126881.07,58503.3,93500.95,
Apache HTTP Server - Concurrent Requests: 500 (Reqs/sec),HIB,119763.3,145568.99,149544.39,91354.05,113095.53,79285.2,107318.1,124228.55,68814.54,102505.47,
Apache HTTP Server - Concurrent Requests: 1000 (Reqs/sec),HIB,118549.17,147186.87,148727.98,82737.12,112523.91,70941.14,97489.88,122871.93,62487.36,97434.42,
Gcrypt Library -  (sec),LIB,157.944,158.357,156.289,165.796,157.167,158.331,153.937,156.621,168.702,169.611,
OpenSSL - Algorithm: RSA4096 (sign/s),HIB,10314,13765.5,15041.1,6953.1,9237.8,5682.1,7899.3,11618.3,5201.8,6981,
OpenSSL - Algorithm: RSA4096 (verify/s),HIB,276165,373708.4,390553.3,181087.3,269274.7,141617.8,197800.3,291492.8,129567,181261.5,
OpenSSL - Algorithm: SHA256 (byte/s),HIB,25031729300,33685103517,36112717797,16443782513,23422051187,12660251213,18276562437,26875900640,11673267430,16077606657,
OpenSSL - Algorithm: SHA512 (byte/s),HIB,8005917573,10776664750,11688134707,5435579553,7677141853,4123057283,5919888683,8679927303,3808991893,5065063923,
OpenSSL - Algorithm: AES-128-GCM (byte/s),HIB,1.8859E+11,2.52698E+11,2.68355E+11,1.22893E+11,1.71705E+11,1.0118E+11,1.37083E+11,2.0111E+11,92178728367,1.26642E+11,
OpenSSL - Algorithm: AES-256-GCM (byte/s),HIB,1.61342E+11,2.16304E+11,2.29695E+11,1.03716E+11,1.4776E+11,87301717810,1.16859E+11,1.71721E+11,79378149553,1.08321E+11,
OpenSSL - Algorithm: ChaCha20 (byte/s),HIB,97569908883,1.30931E+11,1.37245E+11,62921248133,91441462930,45138672714,69874425400,1.02486E+11,46493672610,65041419193,
OpenSSL - Algorithm: ChaCha20-Poly1305 (byte/s),HIB,69128654303,92650569000,97503846853,44538023027,64824923840,30773352477,49651649337,72950722013,32959747230,46333909220,
Cryptsetup - PBKDF2-sha512 (Iterations/sec),HIB,2568706,2535857,2741396,2649046,2720081,2793726,2778342,2594426,2590164,2463378,
Cryptsetup - PBKDF2-whirlpool (Iterations/sec),HIB,945196,913401,985510,948159,980591,1002462,1004871,948656,936228,911812,
Cryptsetup - AES-XTS 256b Encryption (MiB/s),HIB,5605.1,6548.3,6382.6,5924.3,6240.7,6284.9,6390,6298.6,5815.8,5617.2,
Cryptsetup - AES-XTS 256b Decryption (MiB/s),HIB,5693.5,6590.1,6370.7,5920.1,6255.5,6279.3,6408.8,6326.6,5816,5636,
Cryptsetup - Serpent-XTS 256b Encryption (MiB/s),HIB,939.1,1017.1,1002.2,944.3,963.5,800.6,984.4,996.8,928.5,924.9,
Cryptsetup - Serpent-XTS 256b Decryption (MiB/s),HIB,927,1011,994,937.6,955.4,793.7,974.4,988.2,922,917.8,
Cryptsetup - Twofish-XTS 256b Encryption (MiB/s),HIB,581.4,644.9,619.8,591.5,621.7,625.5,631.9,613.1,581.5,577.5,
Cryptsetup - Twofish-XTS 256b Decryption (MiB/s),HIB,587.5,658.7,631,603.4,634.1,639,643.8,624.5,592.9,581.8,
Cryptsetup - AES-XTS 512b Encryption (MiB/s),HIB,5345.9,6129,5895.8,5536,5819.4,5858,5962.8,5899.2,5446.6,5381.9,
Cryptsetup - AES-XTS 512b Decryption (MiB/s),HIB,5397.5,6129.9,5898.9,5523,5818,5845.7,5964.7,5899.4,5426,5385.5,
Cryptsetup - Serpent-XTS 512b Encryption (MiB/s),HIB,938.9,1018.8,1001.9,945.1,963.5,802.4,982.7,997.4,928.7,925.6,
Cryptsetup - Serpent-XTS 512b Decryption (MiB/s),HIB,925.7,1009.7,993,936.7,954.7,794,973,987.4,919.9,916.7,
Cryptsetup - Twofish-XTS 512b Encryption (MiB/s),HIB,581.8,645.1,617.8,590.5,620.4,625.5,630.4,611.5,579.9,580.2,
Cryptsetup - Twofish-XTS 512b Decryption (MiB/s),HIB,588,660.3,632.4,605.6,635.6,641,645.5,626.6,593.7,584.2,
John The Ripper - Test: MD5 (Real C/S),HIB,3009000,4163667,4617333,2094667,2877333,335911,2361333,3424000,326733,2079667,
John The Ripper - Test: Blowfish (Real C/S),HIB,32985,45318,47600,22351,32324,7951,24210,35089,7196,22511,
John The Ripper - Test: HMAC-SHA512 (Real C/S),HIB,142026333,186808000,201616333,110356000,142913000,2046933,123520000,159679667,1937333,112961000,
John The Ripper - Test: bcrypt (Real C/S),HIB,32818,45379,47572,22340,32294,7959,24227,35159,7202,22516,
John The Ripper - Test: WPA PSK (Real C/S),HIB,121552,163912,174583,79626,112964,33303,89227,129128,28608,82142,
Xmrig - Variant: GhostRider - Hash Count: 1M (H/s),HIB,2789.5,3531.9,3516.9,921.7,2822.8,1447.9,1773.6,2986.1,924.1,1818.8,
Cpuminer-Opt - Algorithm: scrypt (kH/s),HIB,227.9,305.77,333.45,152.48,205.84,120.34,167.84,247.64,110.89,148.32,
"Cpuminer-Opt - Algorithm: Triple SHA-256, Onecoin (kH/s)",HIB,61357,81867,87320,40523,56807,31350,44357,65337,28557,40020,
"Cpuminer-Opt - Algorithm: Quad SHA-256, Pyrite (kH/s)",HIB,47220,63713,67860,32110,43257,24080,34350,50507,22037,30673,
Cpuminer-Opt - Algorithm: Myriad-Groestl (kH/s),HIB,8646.62,11573,12313,5705.52,8090.87,4375.2,6205.42,9149.22,4053.75,5775.81,
Cpuminer-Opt - Algorithm: Magi (kH/s),HIB,490.72,668.23,695.87,323.76,465.02,247.61,353.75,518.77,225.38,327.6,
Cpuminer-Opt - Algorithm: Blake-2 S (kH/s),HIB,110223,149920,154177,71487,102163,55463,77930,115253,50690,72870,
Cpuminer-Opt - Algorithm: Garlicoin (kH/s),HIB,2755.07,3692.96,3896.73,1790.75,2484.68,1408.14,1977.42,2908.63,1294.4,1800.24,
Cpuminer-Opt - Algorithm: Ringcoin (kH/s),HIB,2673.23,3575.45,3778.66,1760.25,2479.78,1371.19,1918.08,2821.37,1280.73,1757.26,
Cpuminer-Opt - Algorithm: Deepcoin (kH/s),HIB,6713.79,8979.58,9454.54,4389.36,6261.41,3401.16,4782.95,7080.66,3132.78,4407.52,
Cpuminer-Opt - Algorithm: Skeincoin (kH/s),HIB,33630,45047,47723,22253,32090,17003,24180,35713,15550,21827,
"Cpuminer-Opt - Algorithm: LBC, LBRY Credits (kH/s)",HIB,12020,16327,16847,7853.52,11560,6077.64,8574.06,12680,5511.46,7931.82,
Cpuminer-Opt - Algorithm: x20r (kH/s),HIB,6043.37,8145.89,8745.8,3999.41,5595.2,3155.96,4403.07,6486.57,2848.15,3894,
ScyllaDB - Test: Writes (Op/s),HIB,114115,152262,157663,72596,110869,57361,93367,120455,50868,87809,
DuckDB - Benchmark: IMDB (sec),LIB,85.52,79.828,76.811,104.57,84.88,107.46,90.005,81.025,118.827,96.359,
DuckDB - Benchmark: TPC-H Parquet (sec),LIB,96.244,92.574,90.278,103.949,94.003,99.818,93.313,91.928,108.788,101.704,
DuckDB - Benchmark: Clickbench (sec),LIB,15.697,14.576,14.392,20.891,16.414,21.928,17.817,15.309,24.318,18.491,
Apache IoTDB - Device Count: 500 - Batch Size Per Write: 100 - Sensor Count: 500 - Client Number: 400 (point/sec),HIB,69051125,69385919,68928531,60263722,66634154,52797566,63222104,67730025,50656488,62503330,
Apache IoTDB - Device Count: 500 - Batch Size Per Write: 100 - Sensor Count: 500 - Client Number: 400 (Latency),LIB,231.84,233.19,235.02,262.45,241.47,289.1,250.47,238.91,299.55,256.79,
Apache IoTDB - Device Count: 500 - Batch Size Per Write: 100 - Sensor Count: 800 - Client Number: 400 (point/sec),HIB,69806559,73423096,72083574,53952173,68017269,45967304,58605737,69499071,43926656,58648501,
Apache IoTDB - Device Count: 500 - Batch Size Per Write: 100 - Sensor Count: 800 - Client Number: 400 (Latency),LIB,348.49,328.96,343.62,441.52,350.06,523.48,402.65,352.01,545.5,403.43,
"ClickHouse - 100M Rows Hits Dataset, First Run / Cold Cache (Queries/min, Geo Mean)",HIB,251.52,265.64,239.33,196.37,243.02,194.59,227.48,245.31,181.89,242.53,
"ClickHouse - 100M Rows Hits Dataset, Second Run (Queries/min, Geo Mean)",HIB,291.16,298.82,272.22,215.23,260.36,216.93,248.23,277.81,195.54,271.11,
"ClickHouse - 100M Rows Hits Dataset, Third Run (Queries/min, Geo Mean)",HIB,292.7,301.24,268.97,211.08,266.26,219.89,252.23,279.1,194.06,265.67,
PostgreSQL - Scaling Factor: 100 - Clients: 1000 - Mode: Read Write (TPS),HIB,30929,25376,33938,22613,29510,20226,26827,31430,17451,28314,
PostgreSQL - Scaling Factor: 100 - Clients: 1000 - Mode: Read Write - Average Latency (ms),LIB,32.424,39.411,29.758,44.224,34.119,49.444,37.279,31.901,57.305,35.32,
PostgreSQL - Scaling Factor: 100 - Clients: 1000 - Mode: Read Only (TPS),HIB,916226,1223286,1021385,335482,742113,294390,405515,777708,262535,649076,
PostgreSQL - Scaling Factor: 100 - Clients: 1000 - Mode: Read Only - Average Latency (ms),LIB,1.092,0.818,0.979,2.981,1.348,3.399,2.466,1.286,3.809,1.541,
"CockroachDB - Workload: KV, 95% Reads - Concurrency: 128 (ops/s)",HIB,99762,125291.3,129993.2,69386,94302.5,61725.3,87099.8,98444.4,52884.4,83760.8,
"CockroachDB - Workload: KV, 50% Reads - Concurrency: 128 (ops/s)",HIB,60932.3,68654.9,69148.9,47612.8,59125.3,44261.8,56204.3,60434.8,38694,56408.3,
"CockroachDB - Workload: KV, 60% Reads - Concurrency: 128 (ops/s)",HIB,68093,78316.6,79302.7,51871.8,66013.9,47745.5,62561.5,67281.8,41616,62064.4,
Memcached - Set To Get Ratio: 1:100 (Ops/sec),HIB,2817555.44,3770804.51,3959973.33,1791480.23,2658830.24,1482180.24,2081384.74,2857267.04,1343339.56,1926836.94,
Memcached - Set To Get Ratio: 1:10 (Ops/sec),HIB,2885088,3827279.76,3981036.61,1879222.81,2717208.4,1549792.63,2185059.4,2893476.2,1406090.02,2025043.5,
RocksDB - Test: Random Read (Op/s),HIB,99456897,132664947,139018862,61167707,89211036,50166221,70764061,100634779,46110303,65491498,
RocksDB - Test: Read While Writing (Op/s),HIB,3292374,4563763,4532111,2197201,3158429,1780989,2600854,3223193,1628294,2532370,
RocksDB - Test: Read Random Write Random (Op/s),HIB,2469243,3266560,3363806,1770568,2468001,1555957,2362584,2079655,1436517,2305244,
RocksDB - Test: Update Random (Op/s),HIB,580593,800492,837769,427620,654860,384987,704065,566111,345048,654733,
Speedb - Test: Random Read (Op/s),HIB,102368060,137230701,143945059,62232942,91899802,51052971,72835728,103893954,47312902,68760920,
Speedb - Test: Read While Writing (Op/s),HIB,4115459,5474661,5462486,2899281,3979839,2255174,3258735,4072404,2176484,3315741,
Speedb - Test: Read Random Write Random (Op/s),HIB,2326009,2934049,3040960,1794101,2294550,1525960,2338569,2116722,1443175,2185736,
Speedb - Test: Update Random (Op/s),HIB,537117,648398,674467,449350,539939,407004,567398,527985,367126,525404,
PyBench - Total For Average Test Times (Milliseconds),LIB,560,573,549,553,551,529,537,556,559,602,
PyPerformance - Benchmark: go (Milliseconds),LIB,78.2,75.8,74.6,79.8,76,74.2,75.5,78.1,79.8,82.9,
PyPerformance - Benchmark: json_loads (Milliseconds),LIB,12.1,12,11.7,12.4,11.8,11.7,11.7,11.9,12.5,13,
PyPerformance - Benchmark: python_startup (Milliseconds),LIB,6.15,5.99,5.68,7.37,5.78,6.45,6.52,6.09,7.29,6.99,
PyPerformance - Benchmark: async_tree_io (Milliseconds),LIB,614,590,683,729,688,679,673,688,734,547,
PyPerformance - Benchmark: asyncio_tcp_ssl (Milliseconds),LIB,582,584,615,684,633,620,614,609,693,589,
PyPerformance - Benchmark: asyncio_websockets (Milliseconds),LIB,321,312,312,334,316,312,311,321,336,334,
PyPerformance - Benchmark: chaos (Milliseconds),LIB,39.1,37.7,37.8,39.8,37.9,37.6,38,38.5,40,41.6,
PyPerformance - Benchmark: crypto_pyaes (Milliseconds),LIB,42.3,41.2,40.9,42.8,40.9,40.5,40.5,41.5,43.5,45.3,
PyPerformance - Benchmark: django_template (Milliseconds),LIB,20.7,20.4,20.2,21.5,20.2,19.9,19.9,20.6,21.6,22.3,
PyPerformance - Benchmark: float (Milliseconds),LIB,51.5,49.5,49.3,52.5,49.3,48.7,48.1,49.5,52.8,53.8,
PyPerformance - Benchmark: gc_collect (Milliseconds),LIB,690,670,651,745,659,657,646,642,752,729,
PyPerformance - Benchmark: go (Milliseconds),LIB,77.6,75.7,74.6,80.6,75.2,74.3,75.2,74.9,79.7,82.6,
PyPerformance - Benchmark: json_loads (Milliseconds),LIB,12.4,12,11.8,12.5,11.9,11.7,11.7,11.9,12.5,13.1,
PyPerformance - Benchmark: nbody (Milliseconds),LIB,58.3,58.6,57.1,61.5,56.5,56,56.8,57.8,61,63.2,
PyPerformance - Benchmark: pathlib (Milliseconds),LIB,14.5,13.9,13.7,14.8,13.9,13.7,13.6,13.8,14.9,14.9,
PyPerformance - Benchmark: pickle_pure_python (Milliseconds),LIB,167,164,162,173,162,161,163,165,175,176,
PyPerformance - Benchmark: python_startup (Milliseconds),LIB,6.14,5.97,5.64,7.38,5.76,6.47,6.5,6.06,7.25,6.96,
PyPerformance - Benchmark: raytrace (Milliseconds),LIB,179,175,173,184,175,171,173,173,185,189,
PyPerformance - Benchmark: regex_compile (Milliseconds),LIB,71.2,69.7,68.7,72.4,69.2,68.4,68.5,68.9,73.1,75,
PyPerformance - Benchmark: xml_etree (Milliseconds),LIB,36.4,35.2,34.8,36.8,35.3,34.6,34.4,35,36.9,38.4,
Git - Time To Complete Common Git Commands (sec),LIB,33.951,32.891,32.608,35.177,33.183,32.896,32.5,32.434,35.426,35.36,
Perl Benchmarks - Test: Pod2html (sec),LIB,0.06507566,0.06837483,0.06089545,0.06806943,0.06343285,0.06144356,0.06102284,0.06160696,0.06827924,0.06969121,
Perl Benchmarks - Test: Interpreter (sec),LIB,0.00098875,0.00103926,0.00093927,0.00132523,0.00092174,0.00103494,0.00094596,0.00088573,0.00125139,0.00104846,
simdjson - Throughput Test: PartialTweets (GB/s),HIB,8.1,7.8,8.55,8.03,8.46,8.45,8.61,8.61,7.87,7.58,
simdjson - Throughput Test: LargeRandom (GB/s),HIB,1.69,1.74,1.83,1.72,1.84,1.83,1.85,1.84,1.7,1.69,
simdjson - Throughput Test: Kostya (GB/s),HIB,5.78,5.66,5.97,5.64,5.98,5.99,6.05,5.77,5.62,5.53,
simdjson - Throughput Test: DistinctUserID (GB/s),HIB,9.7,9,9.67,9.06,9.67,9.7,9.87,9.92,8.66,8.78,
simdjson - Throughput Test: TopTweet (GB/s),HIB,9.98,9.39,10.15,9.4,10.04,10.06,10.2,10.28,9.23,8.98,
Numpy Benchmark -  (Score),HIB,775.97,751.1,780.26,695.67,781.58,782.66,793.3,771.7,689.36,724.33,
Node.js V8 Web Tooling Benchmark -  (runs/s),HIB,20.07,21.06,21.16,20,20.8,22.9,23.29,21.3,20.02,22.72,
PHPBench - PHP Benchmark Suite (Score),HIB,1200157,1122259,1186698,1151798,1184117,1195421,1183018,1194525,1184146,1105785,
dav1d - Video Input: Summer Nature 1080p (FPS),HIB,1248.97,1372.56,1464.85,1170.96,1227,1108.97,1379.81,1314.5,961.24,1332.08,
dav1d - Video Input: Summer Nature 4K (FPS),HIB,366.57,402.19,400.75,298.87,340.94,257.39,342.9,352.81,239.58,359.91,
dav1d - Video Input: Chimera 1080p (FPS),HIB,855.54,903.77,976.55,865.51,868.66,832.42,1012.17,908.95,750.6,997.56,
dav1d - Video Input: Chimera 1080p 10-bit (FPS),HIB,779.01,820.83,861.27,754.14,778.19,748.15,868.94,794.7,676.25,908.69,
AOM AV1 - Encoder Mode: Speed 11 Realtime - Input: Bosphorus 1080p (FPS),HIB,261.27,229.54,229.66,272.45,245.36,314.58,337.54,241.32,260.55,365.85,
AOM AV1 - Encoder Mode: Speed 11 Realtime - Input: Bosphorus 4K (FPS),HIB,109.05,101.14,104.19,99.76,106.04,93.66,111.75,106.02,87.92,122.6,
AOM AV1 - Encoder Mode: Speed 9 Realtime - Input: Bosphorus 1080p (FPS),HIB,249.87,224.51,225.8,258.49,239.91,295.12,314.54,241.59,251.38,370.9,
AOM AV1 - Encoder Mode: Speed 9 Realtime - Input: Bosphorus 4K (FPS),HIB,106.98,100.22,102.67,98.11,105.24,94.8,110.4,104.76,86.85,120.79,
AOM AV1 - Encoder Mode: Speed 8 Realtime - Input: Bosphorus 1080p (FPS),HIB,238.83,217.43,214.56,247.02,221.36,280.68,302.33,238.8,225.19,343.8,
AOM AV1 - Encoder Mode: Speed 8 Realtime - Input: Bosphorus 4K (FPS),HIB,91.38,91.42,93.59,76.84,91.68,75.7,91.3,90.47,68.78,93.88,
AOM AV1 - Encoder Mode: Speed 6 Two-Pass - Input: Bosphorus 1080p (FPS),HIB,80.62,85.41,94.58,66.63,79.04,63.72,83.7,84,55.52,78.59,
AOM AV1 - Encoder Mode: Speed 6 Two-Pass - Input: Bosphorus 4K (FPS),HIB,27.5,29.55,31.44,20.32,25.89,19.06,25.86,28.03,16.34,25.46,
AOM AV1 - Encoder Mode: Speed 4 Two-Pass - Input: Bosphorus 1080p (FPS),HIB,27.18,29.64,33.05,21.21,26.68,20.46,25.89,28.6,17.95,23.64,
AOM AV1 - Encoder Mode: Speed 4 Two-Pass - Input: Bosphorus 4K (FPS),HIB,11.63,12.95,14.04,8.31,11.02,7.38,10.33,12.06,6.48,9.72,
AOM AV1 - Encoder Mode: Speed 0 Two-Pass - Input: Bosphorus 1080p (FPS),HIB,1.05,1.28,1.4,0.73,0.98,0.64,0.85,1.12,0.59,0.77,
AOM AV1 - Encoder Mode: Speed 0 Two-Pass - Input: Bosphorus 4K (FPS),HIB,0.34,0.41,0.45,0.24,0.32,0.2,0.28,0.37,0.18,0.25,
SVT-AV1 - Encoder Mode: Preset 13 - Input: Bosphorus 1080p (FPS),HIB,661.369,699.999,716.071,558.815,628.206,533.825,610.029,682.741,487.376,601.514,
SVT-AV1 - Encoder Mode: Preset 13 - Input: Bosphorus 4K (FPS),HIB,162.3,182.079,189.675,120.607,153.583,107.517,139.301,168.391,98.506,130.702,
SVT-AV1 - Encoder Mode: Preset 8 - Input: Bosphorus 1080p (FPS),HIB,155.911,169.533,188.186,119.418,150.79,113.596,141.262,167.695,101.451,129.806,
SVT-AV1 - Encoder Mode: Preset 8 - Input: Bosphorus 4K (FPS),HIB,53.289,63.148,69.083,35.49,48.734,31.578,42.5,56.38,28.378,39.38,
SVT-AV1 - Encoder Mode: Preset 5 - Input: Bosphorus 1080p (FPS),HIB,63.526,69.968,77.258,47.22,61.738,45.383,56.804,68.413,39.965,52.06,
SVT-AV1 - Encoder Mode: Preset 5 - Input: Bosphorus 4K (FPS),HIB,16.905,18.923,20.436,12.071,16.251,11.34,14.26,17.942,10.161,13.363,
SVT-AV1 - Encoder Mode: Preset 3 - Input: Bosphorus 1080p (FPS),HIB,19.624,21.373,23.696,14.824,19.262,14.098,17.823,21.029,12.498,16.153,
SVT-AV1 - Encoder Mode: Preset 3 - Input: Bosphorus 4K (FPS),HIB,5.471,6.194,6.791,3.782,5.202,3.491,4.542,5.79,3.108,4.181,
SVT-HEVC - Tuning: 10 - Input: Bosphorus 1080p (FPS),HIB,460.4,570.82,591.84,321.5,431.27,281.9,377.06,467.09,254.64,357.02,
SVT-HEVC - Tuning: 10 - Input: Bosphorus 4K (FPS),HIB,144.89,168.74,169.72,101.19,134.22,87.21,116.41,142.63,80.62,112.96,
SVT-VP9 - Tuning: PSNR/SSIM Optimized - Input: Bosphorus 1080p (FPS),HIB,365.82,430.38,441.66,230.95,344.83,218.78,262.29,366.94,198.89,256.6,
SVT-VP9 - Tuning: PSNR/SSIM Optimized - Input: Bosphorus 4K (FPS),HIB,106.73,119.83,119.91,72.9,100.76,64.99,80.58,104.61,60.95,79.39,
SVT-VP9 - Tuning: VMAF Optimized - Input: Bosphorus 1080p (FPS),HIB,357.15,423.34,432.35,222.75,337.58,214.18,253.29,357.22,194.78,249.66,
SVT-VP9 - Tuning: VMAF Optimized - Input: Bosphorus 4K (FPS),HIB,102.44,114.58,112.92,70.17,96.88,63.32,76.89,99.89,59.65,76.55,
x265 - Video Input: Bosphorus 1080p (FPS),HIB,105.27,115.95,125.44,80.17,103.31,82.27,91.81,110.11,74.72,89.5,
x265 - Video Input: Bosphorus 4K (FPS),HIB,28.89,34.73,35.98,16.97,27.1,17.93,17.98,29.19,16.42,18.65,
Kvazaar - Video Input: Bosphorus 1080p - Video Preset: Slow (FPS),HIB,65.03,80.41,90.17,54.8,64.63,46.27,64.42,70.96,41.36,57.22,
Kvazaar - Video Input: Bosphorus 1080p - Video Preset: Medium (FPS),HIB,66.93,83.16,93.22,56.43,66.78,47.64,66.34,73.43,42.59,58.9,
Kvazaar - Video Input: Bosphorus 1080p - Video Preset: Very Fast (FPS),HIB,129.85,173.34,193.79,110.93,129.27,101.47,130.69,142.81,90.79,116.53,
Kvazaar - Video Input: Bosphorus 1080p - Video Preset: Super Fast (FPS),HIB,171.72,227.17,255.51,143.39,168.72,125.97,169.6,189.01,112.25,150.93,
Kvazaar - Video Input: Bosphorus 1080p - Video Preset: Ultra Fast (FPS),HIB,227.8,275.04,308.3,192.42,225.14,167.62,226.44,251.89,147.83,202.55,
Kvazaar - Video Input: Bosphorus 4K - Video Preset: Slow (FPS),HIB,15.06,20.42,22.94,10.46,14.13,9.19,12.62,16.18,8.3,11.16,
Kvazaar - Video Input: Bosphorus 4K - Video Preset: Medium (FPS),HIB,15.41,20.86,23.4,10.69,14.47,9.38,12.87,16.52,8.48,11.4,
Kvazaar - Video Input: Bosphorus 4K - Video Preset: Very Fast (FPS),HIB,36.66,45,50.31,26.57,34.82,23.55,31.93,39.42,21.27,28.4,
Kvazaar - Video Input: Bosphorus 4K - Video Preset: Super Fast (FPS),HIB,46.29,58.67,65.92,33.26,43.69,29.1,39.9,49.69,26.53,35.45,
Kvazaar - Video Input: Bosphorus 4K - Video Preset: Ultra Fast (FPS),HIB,59.08,75.77,84.84,44.77,56.49,39.48,53.57,63.83,36.34,47.56,
uvg266 - Video Input: Bosphorus 1080p - Video Preset: Slow (FPS),HIB,39.09,48.03,53.63,27.71,36.75,23.24,33.34,41.71,21.07,29.78,
uvg266 - Video Input: Bosphorus 1080p - Video Preset: Medium (FPS),HIB,42.76,52.84,58.92,30.18,40.26,25.34,36.18,45.73,22.98,32.38,
uvg266 - Video Input: Bosphorus 1080p - Video Preset: Very Fast (FPS),HIB,96.27,128.22,142.79,67.78,89.81,59.01,81.76,102.76,53.08,72.97,
uvg266 - Video Input: Bosphorus 1080p - Video Preset: Super Fast (FPS),HIB,105.2,135.06,150.51,71.64,97.53,61.54,86.49,111.54,55.41,76.68,
uvg266 - Video Input: Bosphorus 1080p - Video Preset: Ultra Fast (FPS),HIB,120.24,151.65,169.38,82.59,111.46,69.98,99.6,127.22,63.15,88.47,
uvg266 - Video Input: Bosphorus 4K - Video Preset: Slow (FPS),HIB,8.51,11.35,12.76,5.5,7.79,4.74,6.64,8.99,4.27,5.96,
uvg266 - Video Input: Bosphorus 4K - Video Preset: Medium (FPS),HIB,9.44,12.6,14.12,6.13,8.63,5.28,7.4,9.97,4.73,6.63,
uvg266 - Video Input: Bosphorus 4K - Video Preset: Very Fast (FPS),HIB,24.08,30.94,34.69,15.68,21.8,13.45,19.02,25.39,11.94,17.1,
uvg266 - Video Input: Bosphorus 4K - Video Preset: Super Fast (FPS),HIB,24.36,31.85,35.83,15.81,21.99,13.6,19.21,25.58,12.11,17.21,
uvg266 - Video Input: Bosphorus 4K - Video Preset: Ultra Fast (FPS),HIB,27.58,36.47,40.75,18.21,25.03,15.63,22.05,29.13,13.93,19.77,
VVenC - Video Input: Bosphorus 1080p - Video Preset: Fast (FPS),HIB,21.46,23.145,24.994,16.666,20.476,15.344,19.609,22.502,13.932,17.834,
VVenC - Video Input: Bosphorus 1080p - Video Preset: Faster (FPS),HIB,48.74,50.644,54.525,40.211,46.277,37.725,46.795,50.669,34.091,43.346,
VVenC - Video Input: Bosphorus 4K - Video Preset: Fast (FPS),HIB,6.906,7.713,8.36,4.95,6.545,4.516,5.895,7.204,4.042,5.374,
VVenC - Video Input: Bosphorus 4K - Video Preset: Faster (FPS),HIB,15.756,17.49,18.836,11.613,14.78,10.534,13.707,16.39,9.489,12.594,
FFmpeg - Encoder: libx265 - Scenario: Live (FPS),HIB,172.61,178.75,193.31,158.64,178.72,169.29,183.99,184.34,149.6,168.57,
FFmpeg - Encoder: libx265 - Scenario: Upload (FPS),HIB,32.6,33.86,36.76,28.99,33.47,29.9,33.51,34.5,26.74,30.4,
FFmpeg - Encoder: libx265 - Scenario: Platform (FPS),HIB,66.23,68.92,74.81,59.43,68.22,62.13,68.43,70.27,55.51,62.53,
FFmpeg - Encoder: libx265 - Scenario: Video On Demand (FPS),HIB,66.16,68.95,74.84,59.38,68.25,62.17,68.44,70.28,55.53,62.51,
LAME MP3 Encoding - WAV To MP3 (sec),LIB,4.799,4.827,4.784,5.025,4.851,4.687,4.743,4.642,5.069,5.193,
FLAC Audio Encoding - WAV To FLAC (sec),LIB,12.149,12.156,11.536,12.359,11.796,11.554,11.489,11.704,12.486,12.747,
Ogg Audio Encoding - WAV To Ogg (sec),LIB,12.384,12.489,12.199,13.003,12.418,12.11,12.078,12.563,13.162,13.581,
eSpeak-NG Speech Engine - Text-To-Speech Synthesis (sec),LIB,21.322,19.915,19.556,20.809,19.712,19.276,19.283,19.821,20.938,21.544,
"PJSIP - Method: OPTIONS, Stateful (Responses/sec)",HIB,11426,11993,10707,9755,10608,10618,10917,11100,9892,12555,
"PJSIP - Method: OPTIONS, Stateless (Responses/sec)",HIB,78245,141833,154460,150575,98564,185169,161631,93012,163281,141927,
PJSIP - Method: INVITE (Responses/sec),HIB,6292,6331,6017,5392,5885,5887,5799,5966,5474,6742,
RNNoise - Input: 26 Minute Long Talking Sample (sec),LIB,7.139,7.69,7.148,7.582,7.307,7.14,7.106,6.997,7.679,8.536,
libavif avifenc - Encoder Speed: 0 (sec),LIB,88.713,74.769,67.793,121.694,91.601,138.163,105.171,83.641,150.475,117.154,
libavif avifenc - Encoder Speed: 2 (sec),LIB,41.617,37.564,34.603,57.352,44.078,63.756,50.433,41.167,69.477,55.906,
libavif avifenc - Encoder Speed: 6 (sec),LIB,4.236,3.516,3.315,6.132,4.589,6.926,5.281,4.035,7.612,5.783,
"libavif avifenc - Encoder Speed: 6, Lossless (sec)",LIB,6.884,5.999,5.633,9.179,7.202,10.109,8.01,6.604,11.154,8.802,
"libavif avifenc - Encoder Speed: 10, Lossless (sec)",LIB,3.993,3.727,3.619,4.586,4.109,4.649,4.195,3.858,5.101,4.623,
ASTC Encoder - Preset: Fast (MT/s),HIB,277.2951,366.1433,402.1611,171.85,253.2967,149.1407,205.6143,296.9101,134.7077,184.8315,
ASTC Encoder - Preset: Medium (MT/s),HIB,108.6963,142.8871,158.5672,68.7929,99.0734,57.9653,80.6861,116.5234,52.2414,72.0347,
ASTC Encoder - Preset: Thorough (MT/s),HIB,14.0968,18.4614,20.6202,8.9085,12.9233,7.4362,10.4369,15.0242,6.7907,9.3277,
ASTC Encoder - Preset: Very Thorough (MT/s),HIB,1.9421,2.5399,2.8298,1.2259,1.7843,1.017,1.4321,2.0525,0.9318,1.279,
ASTC Encoder - Preset: Exhaustive (MT/s),HIB,1.189,1.5548,1.7336,0.7517,1.0927,0.6229,0.8773,1.2519,0.5709,0.7834,
LibRaw - Post-Processing Benchmark (Mpix/sec),HIB,64.02,65.93,71.12,59.09,65.88,61.16,70.13,67.64,56.38,64.96,
Google Draco - Model: Church Facade (ms),LIB,3906,3526,4515,4746,4471,4451,4410,4555,4788,3579,
Google Draco - Model: Lion (ms),LIB,3456,3051,3434,3615,3482,3465,3414,3436,3668,3098,
GraphicsMagick - Operation: HWB Color Space (Iterations/min),HIB,252,256,283,220,255,220,251,254,202,225,
GraphicsMagick - Operation: Noise-Gaussian (Iterations/min),HIB,93,113,120,67,89,60,77,99,55,70,
GraphicsMagick - Operation: Enhanced (Iterations/min),HIB,71,88,98,44,67,37,51,71,33,48,
GraphicsMagick - Operation: Resizing (Iterations/min),HIB,289,297,340,205,278,188,258,286,170,237,
GraphicsMagick - Operation: Rotate (Iterations/min),HIB,171,166,170,142,169,170,171,171,142,159,
GraphicsMagick - Operation: Sharpen (Iterations/min),HIB,43,55,60,27,41,23,31,44,20,29,
GEGL - Operation: Rotate 90 Degrees (sec),LIB,35.949,37.088,33.878,33.157,34.463,30.308,30.23,34.917,32.868,32.295,
GEGL - Operation: Scale (sec),LIB,7.844,7.802,7.443,6.867,7.742,6.419,6.172,7.826,6.917,6.695,
GEGL - Operation: Antialias (sec),LIB,25.637,26.226,24.801,25.79,25.017,24.323,23.481,25.386,26.224,25.711,
GEGL - Operation: Cartoon (sec),LIB,64.196,66.434,63.228,62.772,62.427,58.039,57.678,62.612,62.629,63.088,
GEGL - Operation: Color Enhance (sec),LIB,35.882,36.591,34.421,36.955,34.826,34.553,33.943,34.623,37.177,37.142,
GEGL - Operation: Crop (sec),LIB,7.359,7.665,7.065,7.767,7.352,7.223,6.992,7.261,7.768,7.624,
GEGL - Operation: Wavelet Blur (sec),LIB,41.446,41.873,39.527,40.852,40.037,38.174,37.446,40.49,41.116,40.955,
GEGL - Operation: Reflect (sec),LIB,21.408,21.602,20.227,21.965,20.652,20.535,20.073,20.645,22.092,21.922,
GEGL - Operation: Tile Glass (sec),LIB,20.701,21.382,20.145,20.526,20.265,19.14,18.748,20.35,20.588,20.482,
libjpeg-turbo tjbench - Test: Decompression Throughput (Megapixels/sec),HIB,328.61025,321.799513,334.576532,311.830682,328.671937,331.619978,333.410935,319.271413,308.689366,305.025286,
"G'MIC - Test: 2D Function Plotting, 1000 Times (sec)",LIB,84.618,85.687,79.75,90.862,83.692,86.742,83.844,85.328,94.645,89.844,
"G'MIC - Test: Plotting Isosurface Of A 3D Volume, 1000 Times (sec)",LIB,10.08,10.237,9.345,10.048,9.534,9.389,9.362,9.346,10.163,10.383,
"G'MIC - Test: 3D Elevated Function In Random Colors, 100 Times (sec)",LIB,38.956,67.374,36.66,69.539,37.085,66.266,35.892,66.63,70.256,39.454,
JPEG-XL libjxl - Input: JPEG - Quality: 90 (MP/s),HIB,42.171,47.334,50.255,31.756,41.138,30.451,37.703,45.559,27.216,34.558,
JPEG-XL libjxl - Input: JPEG - Quality: 100 (MP/s),HIB,21.4,26.285,29.072,14.496,20.539,12.563,17.228,22.496,11.343,15.657,
JPEG-XL libjxl - Input: PNG - Quality: 90 (MP/s),HIB,41.369,45.093,49.243,31.432,39.996,29.95,37.441,44.986,26.915,33.9,
JPEG-XL libjxl - Input: PNG - Quality: 100 (MP/s),HIB,21.563,26.898,29.57,14.59,20.72,12.651,17.284,22.652,11.395,15.7,
JPEG-XL Decoding libjxl - CPU Threads: 1 (MP/s),HIB,82.025,81.61,86.409,81.583,87.082,87.752,88.24,84.547,81.107,79.107,
JPEG-XL Decoding libjxl - CPU Threads: All (MP/s),HIB,198.465,382.987,402.378,395.313,199.003,383.161,447.796,202.888,342.584,413.33,
WebP Image Encode - Encode Settings: Default (MP/s),HIB,25.25,25.72,25.64,25.56,23.82,27.36,25.28,27.64,25.38,23.32,
WebP Image Encode - Encode Settings: Quality 100 (MP/s),HIB,15.85,15.89,16.18,15.74,15.38,16.87,16.14,16.44,15.64,14.81,
"WebP Image Encode - Encode Settings: Quality 100, Lossless (MP/s)",HIB,2.14,2.09,2.2,2.06,2.14,2.2,2.21,2.11,2.04,1.97,
"WebP Image Encode - Encode Settings: Quality 100, Lossless, Highest Compression (MP/s)",HIB,0.81,0.79,0.86,0.78,0.84,0.85,0.85,0.86,0.77,0.76,
Liquid-DSP - Threads: 1 - Buffer Length: 256 - Filter Length: 32 (samples/s),HIB,53809000,51225000,55465000,49356667,52833333,53281333,53961667,54733667,48791000,49120667,
Liquid-DSP - Threads: 1 - Buffer Length: 256 - Filter Length: 512 (samples/s),HIB,19744000,18417800,19752333,18640000,19714333,19484571,19352667,19197000,17050467,18336333,
Liquid-DSP - Threads: 16 - Buffer Length: 256 - Filter Length: 32 (samples/s),HIB,742286667,793470000,814723333,635320000,724973333,527460000,752396667,768990000,474173333,704126667,
Liquid-DSP - Threads: 16 - Buffer Length: 256 - Filter Length: 512 (samples/s),HIB,243416667,294000000,299300000,184853333,230290000,154593333,217623333,253463333,140900000,202176667,
Liquid-DSP - Threads: 32 - Buffer Length: 256 - Filter Length: 32 (samples/s),HIB,1063366667,1381600000,1480633333,638876667,974526667,526863333,753443333,1064766667,474036667,701646667,
Liquid-DSP - Threads: 32 - Buffer Length: 256 - Filter Length: 512 (samples/s),HIB,303470000,395970000,424100000,185283333,273976667,154656667,217590000,309880000,141420000,202760000,
Ngspice - Circuit: C2670 (sec),LIB,73.986,79.253,73.76,95.856,74.849,78.982,77.234,76.099,96.187,73.593,
Ngspice - Circuit: C7552 (sec),LIB,61.733,71.729,65.496,78.462,66.515,73.026,70.767,70.999,79.503,64.51,
"srsRAN Project - Test: PUSCH Processor Benchmark, Throughput Total (Mbps)",HIB,1559.8,1698,1732.3,1200.1,1559.8,1201.8,1610.3,1667.5,1197.5,1610.4,
"srsRAN Project - Test: PUSCH Processor Benchmark, Throughput Thread (Mbps)",HIB,183.3,183.4,183.3,182.1,183.3,181.9,183.3,183.4,182.5,161.8,
"srsRAN Project - Test: PDSCH Processor Benchmark, Throughput Total (Mbps)",HIB,11019.4,13094.5,13524.3,6248.9,10432.5,5794.5,7749.4,11012,5049.2,7395.1,
"srsRAN Project - Test: PDSCH Processor Benchmark, Throughput Thread (Mbps)",HIB,927.7,883.4,1006.1,1012.7,884.8,1143.5,979.5,1085.6,1027,905.2,
TensorFlow - Device: CPU - Batch Size: 16 - Model: ResNet-50 (images/sec),HIB,37.37,40.95,42.21,28.78,36.04,24.06,33.18,36.81,24.4,33.78,
TensorFlow - Device: CPU - Batch Size: 64 - Model: ResNet-50 (images/sec),HIB,38.52,42.48,44.04,28.85,36.61,23.86,32.82,38.21,24.55,32.45,
PyTorch - Device: CPU - Batch Size: 16 - Model: ResNet-50 (batches/sec),HIB,43.1,38.88,50.74,29.37,42.37,26.46,47.31,36.4,25.02,45.55,
PyTorch - Device: CPU - Batch Size: 64 - Model: ResNet-50 (batches/sec),HIB,43.27,38.44,50.62,31.61,42.64,25.05,47.17,34.28,23.16,45.31,
OpenVINO - Model: Face Detection FP16-INT8 - Device: CPU (FPS),HIB,19.44,24.64,27.93,11.49,17.58,8.51,14.24,19.84,8.93,13.08,
OpenVINO - Model: Face Detection FP16-INT8 - Device: CPU (ms),LIB,308.31,324.05,285.87,347.45,340.71,468.58,280.67,302.06,446.91,305.68,
OpenVINO - Model: Age Gender Recognition Retail 0013 FP16-INT8 - Device: CPU (FPS),HIB,35130.28,45335.1,51016.63,23192.9,32891.44,19204.82,26816.32,37128.05,17816.76,23910.72,
OpenVINO - Model: Age Gender Recognition Retail 0013 FP16-INT8 - Device: CPU (ms),LIB,0.31,0.31,0.28,0.32,0.33,0.28,0.28,0.28,0.31,0.31,
OpenVINO - Model: Person Detection FP16 - Device: CPU (FPS),HIB,89.75,108.8,101.1,52.98,76.95,43.67,57.37,85.4,44.94,63.74,
OpenVINO - Model: Person Detection FP16 - Device: CPU (ms),LIB,66.81,73.45,79.06,75.44,77.91,91.52,69.67,70.18,88.94,62.72,
OpenVINO - Model: Weld Porosity Detection FP16-INT8 - Device: CPU (FPS),HIB,1946.18,2532.36,2829.43,1207.23,1780.54,836.49,1454.03,2066.76,927.4,1308.13,
OpenVINO - Model: Weld Porosity Detection FP16-INT8 - Device: CPU (ms),LIB,6.13,6.29,5.61,6.59,6.69,7.15,5.48,5.78,6.45,6.1,
OpenVINO - Model: Vehicle Detection FP16-INT8 - Device: CPU (FPS),HIB,1203.23,1544.28,1745.34,696.48,1096.67,574.32,902.91,1230.45,555.02,844.53,
OpenVINO - Model: Vehicle Detection FP16-INT8 - Device: CPU (ms),LIB,4.97,5.16,4.56,5.71,5.45,6.95,4.42,4.86,7.18,4.73,
OpenVINO - Model: Person Vehicle Bike Detection FP16 - Device: CPU (FPS),HIB,1145.16,1518.13,1669.37,677.35,1061.13,651.31,900.23,1164.6,565.1,858.93,
OpenVINO - Model: Person Vehicle Bike Detection FP16 - Device: CPU (ms),LIB,5.22,5.24,4.77,5.86,5.64,6.12,4.43,5.13,7.05,4.65,
OpenVINO - Model: Machine Translation EN To DE FP16 - Device: CPU (FPS),HIB,113.41,142.48,137.41,72.48,99.95,55.41,81.15,114.08,57.24,77.08,
OpenVINO - Model: Machine Translation EN To DE FP16 - Device: CPU (ms),LIB,52.85,56.06,58.13,55.1,59.98,72.12,49.27,52.53,69.82,51.86,
OpenVINO - Model: Face Detection Retail FP16-INT8 - Device: CPU (FPS),HIB,3389.94,4486.5,4912.07,2118.19,3094.18,1867.13,2524.69,3692.33,1645.44,2251.2,
OpenVINO - Model: Face Detection Retail FP16-INT8 - Device: CPU (ms),LIB,3.48,3.52,3.17,3.73,3.78,3.18,3.12,3.2,3.61,3.48,
OpenVINO - Model: Handwritten English Recognition FP16-INT8 - Device: CPU (FPS),HIB,599.96,770.61,839.75,348.13,524.64,312.6,427.16,619.64,271.24,412.93,
OpenVINO - Model: Handwritten English Recognition FP16-INT8 - Device: CPU (ms),LIB,19.97,20.73,19.02,22.91,22.83,19.17,18.7,19.34,22.05,19.37,
OpenVINO - Model: Road Segmentation ADAS FP16-INT8 - Device: CPU (FPS),HIB,393.46,529.18,478.56,237.22,340.81,216.3,256.82,398.72,194.24,293.11,
OpenVINO - Model: Road Segmentation ADAS FP16-INT8 - Device: CPU (ms),LIB,15.23,15.08,16.66,16.81,17.58,18.44,15.55,15.01,20.53,13.64,
OpenVINO - Model: Person Re-Identification Retail FP16 - Device: CPU (FPS),HIB,1377.42,1782.37,2051.84,803.23,1256.23,692.24,1058.56,1406.85,651.09,963.97,
OpenVINO - Model: Person Re-Identification Retail FP16 - Device: CPU (ms),LIB,4.34,4.47,3.88,4.95,4.76,5.76,3.77,4.25,6.12,4.14,
OpenVINO - Model: Noise Suppression Poconet-Like FP16 - Device: CPU (FPS),HIB,1575.52,1949.3,1675.44,893.04,1259.26,837.52,1006.08,1459.85,711.89,1152.59,
OpenVINO - Model: Noise Suppression Poconet-Like FP16 - Device: CPU (ms),LIB,7.54,8.11,9.39,8.88,9.4,7.09,7.83,8.11,8.35,6.9,
ONNX Runtime - Model: yolov4 - Device: CPU - Executor: Standard (Inferences/sec),HIB,10.879,6.53119,12.4441,5.68763,10.8776,5.27627,13.76,5.94532,4.86389,13.8027,
ONNX Runtime - Model: yolov4 - Device: CPU - Executor: Standard (Inference Time Cost (ms)),LIB,91.9185,153.52,80.358,175.82,91.9291,189.556,72.6723,168.227,205.591,72.4483,
ONNX Runtime - Model: fcn-resnet101-11 - Device: CPU - Executor: Standard (Inferences/sec),HIB,2.79228,1.8043,3.58283,1.06287,2.55912,0.896666,2.1281,1.60144,0.890531,2.1511,
ONNX Runtime - Model: fcn-resnet101-11 - Device: CPU - Executor: Standard (Inference Time Cost (ms)),LIB,358.128,554.529,279.107,940.895,390.757,1115.24,469.899,624.709,1123.02,464.876,
ONNX Runtime - Model: super-resolution-10 - Device: CPU - Executor: Standard (Inferences/sec),HIB,129.562,128.329,144.745,68.1223,135.224,65.7378,163.743,146.021,55.6843,143.546,
ONNX Runtime - Model: super-resolution-10 - Device: CPU - Executor: Standard (Inference Time Cost (ms)),LIB,7.71794,7.7922,6.90846,14.6785,7.39486,15.2084,6.10634,6.84805,17.9556,6.96587,
ONNX Runtime - Model: bertsquad-12 - Device: CPU - Executor: Standard (Inferences/sec),HIB,15.0161,7.90246,16.7525,9.16806,15.0319,7.70716,20.3955,9.72805,7.39808,18.5152,
ONNX Runtime - Model: bertsquad-12 - Device: CPU - Executor: Standard (Inference Time Cost (ms)),LIB,66.5936,126.544,59.6901,109.076,66.522,129.746,49.0279,107.7583,135.168,54.0078,
ONNX Runtime - Model: GPT-2 - Device: CPU - Executor: Standard (Inferences/sec),HIB,184.582,178.256,146.369,75.2688,158.215,67.9732,136.693,159.094,74.8703,169.339,
ONNX Runtime - Model: GPT-2 - Device: CPU - Executor: Standard (Inference Time Cost (ms)),LIB,5.41472,5.60839,6.83051,13.2757,6.31744,14.7017,7.31071,6.28265,13.348,5.90131,
ONNX Runtime - Model: ArcFace ResNet-100 - Device: CPU - Executor: Standard (Inferences/sec),HIB,37.5401,24.4632,47.3839,18.0493,38.0283,15.1711,40.593,21.3683,15.4779,36.7899,
ONNX Runtime - Model: ArcFace ResNet-100 - Device: CPU - Executor: Standard (Inference Time Cost (ms)),LIB,26.6415,41.1272,21.1032,55.404,26.2945,65.9129,24.633,47.2236,64.6061,27.1789,
ONNX Runtime - Model: ResNet50 v1-12-int8 - Device: CPU - Executor: Standard (Inferences/sec),HIB,359.631,245.392,418.421,167.086,360.854,169.498,389.662,227.876,144.052,366.325,
ONNX Runtime - Model: ResNet50 v1-12-int8 - Device: CPU - Executor: Standard (Inference Time Cost (ms)),LIB,2.78032,4.27317,2.38938,5.98313,2.77056,5.89916,2.56552,4.58566,6.94129,2.72952,
ONNX Runtime - Model: CaffeNet 12-int8 - Device: CPU - Executor: Standard (Inferences/sec),HIB,954.834,561.805,697.976,341.655,782.661,353.32,795.415,424.761,313.896,1336.02,
ONNX Runtime - Model: CaffeNet 12-int8 - Device: CPU - Executor: Standard (Inference Time Cost (ms)),LIB,1.04694,1.81274,1.43221,2.9249,1.27714,2.83045,1.25673,2.35381,3.18503,0.748136,
ONNX Runtime - Model: Faster R-CNN R-50-FPN-int8 - Device: CPU - Executor: Standard (Inferences/sec),HIB,57.2433,56.7484,59.1496,36.0765,55.7572,50.9859,58.5722,50.2899,35.7199,58.0833,
ONNX Runtime - Model: Faster R-CNN R-50-FPN-int8 - Device: CPU - Executor: Standard (Inference Time Cost (ms)),LIB,17.4683,17.6217,16.905,27.7297,17.933,19.6121,17.071,19.9192,28.021,17.2157,
ONNX Runtime - Model: T5 Encoder - Device: CPU - Executor: Standard (Inferences/sec),HIB,239.143,219.426,169.943,97.3097,189.431,79.7375,153.713,192.306,96.7618,201.65,
ONNX Runtime - Model: T5 Encoder - Device: CPU - Executor: Standard (Inference Time Cost (ms)),LIB,4.18107,4.55693,5.88386,10.2741,5.27816,12.5407,6.50356,5.19969,10.3327,4.95815,
Llamafile - Test: mistral-7b-instruct-v0.2.Q5_K_M - Acceleration: CPU (Tokens/sec),HIB,12.75,11.65,12.72,12.02,12.98,9.45,11.03,12.1,11.65,11,
Llama.cpp - Model: Meta-Llama-3-8B-Instruct-Q8_0.gguf (Tokens/sec),HIB,8.42,7.57,8.29,8.39,8.53,6.25,7.17,7.76,8.03,7.16,
Whisper.cpp - Model: ggml-base.en - Input: 2016 State of the Union (sec),LIB,91.65972,108.97706,80.17951,175.68622,94.19147,213.49225,100.14102,121.66815,221.31943,106.66217,
Whisper.cpp - Model: ggml-small.en - Input: 2016 State of the Union (sec),LIB,257.93258,323.91857,213.00304,556.932,267.51178,719.56864,303.8357,372.93379,718.75544,324.8588,
Whisper.cpp - Model: ggml-medium.en - Input: 2016 State of the Union (sec),LIB,764.21929,989.22304,614.39366,1733.233,801.31371,2264.58692,917.05739,1135.007,2227.3842,1001.62944,
DeepSpeech - Acceleration: CPU (sec),LIB,37.54928,35.14942,38.34636,36.80267,39.26491,36.80807,37.19089,38.54428,35.34375,34.53107,
GNU Octave Benchmark -  (sec),LIB,5.576,5.494,5.532,5.765,5.584,5.51,5.443,5.672,5.895,5.557,
RawTherapee - Total Benchmark Time (sec),LIB,43.92,52.387,40.689,61.458,43.204,62.091,45.129,52.628,66.06,48.057,
Darktable - Test: Boat - Acceleration: CPU-only (sec),LIB,3.686,3.608,2.911,5.897,3.767,6.76,4.633,4.019,7.238,5.089,
Darktable - Test: Masskrug - Acceleration: CPU-only (sec),LIB,2.256,2.162,1.925,3.459,2.37,3.933,2.773,2.531,4.202,2.69,
Darktable - Test: Server Room - Acceleration: CPU-only (sec),LIB,1.909,1.997,1.684,2.763,1.946,3.18,2.174,2.16,3.198,2.237,
Darktable - Test: Server Rack - Acceleration: CPU-only (sec),LIB,0.237,0.294,0.184,0.458,0.242,0.524,0.308,0.338,0.559,0.327,
GIMP - Test: unsharp-mask (sec),LIB,15.044,15.226,14.863,13.432,14.588,12.433,12.298,14.549,13.484,13.278,
GIMP - Test: resize (sec),LIB,15.064,14.995,14.216,12.323,14.445,11.531,11.119,14.285,12.414,12.025,
GIMP - Test: rotate (sec),LIB,11.655,11.156,10.916,11.468,11.047,10.967,10.721,11.137,11.712,11.603,
GIMP - Test: auto-levels (sec),LIB,12.443,12.65,12.129,12.158,12.111,11.509,11.123,12.098,12.363,12.062,
OpenSCAD - Render: Projector Mount Swivel (sec),LIB,3.697,3.915,3.666,3.725,3.697,3.575,3.628,3.744,3.784,4.107,
OpenSCAD - Render: Leonardo Phone Case Slim (sec),LIB,14.871,15.699,14.568,14.945,14.668,14.413,14.462,14.859,15.265,16.29,
OpenSCAD - Render: Pistol (sec),LIB,46.054,46.729,45.103,46.313,45.184,45.255,44.882,46.949,47.369,49.489,
OpenSCAD - Render: Retro Car (sec),LIB,2.162,2.078,2.096,2.119,2.177,2.024,2.089,2.077,2.143,2.299,
OpenSCAD - Render: Mini-ITX Case (sec),LIB,23.132,22.526,21.969,22.475,22.41,21.717,22.088,21.972,22.71,24.555,
Stockfish - Chess Benchmark (Nodes/s),HIB,33924137,46112489,47033814,18351903,29203502,16652201,24088503,35502698,14082876,23138694,
Primesieve - Length: 1e12 (sec),LIB,9.173,6.996,6.281,14.726,10.265,16.878,12.104,8.49,18.885,13.547,
Primesieve - Length: 1e13 (sec),LIB,111.424,85.096,76.597,183.269,125.144,208.051,148.044,104.43,234.633,165.133,
Y-Cruncher - Pi Digits To Calculate: 500M (sec),LIB,8.597,7.878,8,12.653,9.218,14.461,10.806,8.484,15.061,11.267,
Y-Cruncher - Pi Digits To Calculate: 1B (sec),LIB,18.551,16.847,16.914,27.696,20.093,31.033,23.688,18.332,33.345,24.733,
Aircrack-ng -  (k/s),HIB,67895.292,88876.622,96668,42902.927,60796.291,35730.634,49415.772,71383.201,33130.962,45313.566,
Radiance Benchmark - Test: SMP Parallel (sec),LIB,116.866,110.567,107.397,116.385,111.686,108.688,113.16,108.849,119.455,121.847,
Z3 Theorem Prover - SMT File: 1.smt2 (sec),LIB,16.895,13.604,17.691,21.94,18.056,17.842,17.766,18.395,21.834,14.019,
Z3 Theorem Prover - SMT File: 2.smt2 (sec),LIB,45.145,44.12,44.613,51.645,45.07,44.914,43.83,44.876,52.849,45.728,
DaCapo Benchmark - Java Test: Apache Tomcat (msec),LIB,4498,3404,3368,6593,4493,8699,6520,4435,8718,6579,
DaCapo Benchmark - Java Test: H2 Database Engine (msec),LIB,1709,1639,1656,2115,1801,2410,1840,1759,2614,1843,
DaCapo Benchmark - Java Test: Tradebeans (msec),LIB,3785,3584,3318,3236,3469,2868,2800,3413,3140,3069,
Renaissance - Test: Savina Reactors.IO (ms),LIB,3288.1,3159.8,3052.7,3195.9,3209.6,3055,2921.4,3131.9,3355.1,3092.9,
Java JMH - Throughput (Ops/s),HIB,52478665957,68371256991,78444159112,34401257374,54540585453,27489634774,39729127569,56669628392,25456111187,35580241574,